seq_len,Naive Attention,Flash Attention V2
128.000000,0.020608,0.009056
256.000000,0.028960,0.011360
512.000000,0.056384,0.017856
1024.000000,0.196160,0.046560
2048.000000,1.076480,0.140576
4096.000000,3.238560,0.518560
8192.000000,10.994976,1.992432
