seq_lens,Atomic,SM,Inductor-style,torch.nn.RMSNorm,torch.compile
32768.000000,138.587102,535.175420,246.622204,183.305462,682.611130
65536.000000,151.705073,549.838303,249.588543,189.369778,700.612410
131072.000000,143.254816,555.564556,249.954801,192.261472,708.938907
