seq_lens,Atomic,SM,Inductor-style,torch.nn.RMSNorm,torch.compile
32768.000000,2832.075654,2816.859551,2823.496430,528.649334,2820.648227
65536.000000,2930.518051,2935.132148,2934.105751,545.378803,2941.822959
131072.000000,3001.559315,3001.290775,3000.217343,554.756238,2999.546932
